BAG ID,Lot #,Variant #,Volume(mL),Volume(mL),Notes
C1,2197,1,7.0 ,7.0 ,
C1,2711,1,5.0 ,,
C1,3001,1,2.0 ,47.0 ,
C1,3001,3,14.0 ,,
C1,3015,3,2.5 ,,
C1,3015,4,2.0 ,,
C1,3050,1,9.5 ,,
C1,3137,1,17.0 ,,
C1,3137,2,12.0 ,,
C1,3148,18, ,,
C1,3148,20,5.5 ,11.5 ,
C1,3150,1,2.0 ,3.0(UNDILUTED),
C1,3294,1,5.0 ,,
C1,3294,2,5.0 ,,
C1,3295,7,3.0 ,,
C1,3295,8,4.0 ,,
C1,3295,10,3.0 ,,
C1,3311,7,,,
C1,3311,13,,,
C1,3315,1,,,
C1,3321,1,,,
C1,3321,2,,,
C1,3321,3,?,7.5 ,
C1,3323,1,,,
C1,3323,3,,,
C1,3323,2,,,
C1,3333,1,4.0 ,,
C1,3345,2,,,
C1,3346,9,,,
C1,3346,10,,,
C1,3362,4,,,
C1,3362,5,,,
C1,3362,6,,,
C1,3362,7,,,
C1,3362,9,,,
C1,3362,11,,,
C1,3368,3,,,
C1,3386,1,,,
C1,3386,2,,,
C1,3386,3,,,
C1,3386,4,,,
C1,3386,5,,,
C1,3386,6,,,
C1,3387,1,2.0 ,11.0 ,
C1,3390,1,,,
C1,3390,2,,,
C1,3391,1,,,
C1,3393,1,,,
C1,3405,1,,,
C1,3405,2,,,
C1,3405,5,2.5 ,,
C1,3555,1,,,
C1,3591,1,,,
C1,3598,1,,,
C1,3600,1,5.0 ,,
C1,3638,5,,,
C1,3711,9,,,
C1,3718,1,,,
C1,3718,2,,,
C1,3718,3,,,
C1,3722,1,1.0 ,1.0 ,
C1,3722,2,2.5 ,,
C1,3722,3,2.0 ,1.0 ,
C1,3730,1,,,
C1,3754,1,,,
C1,3777,2,,,
C1,3778,1,,,
C1,3783,1,4.0 ,,
C1,3784,2,20.0 ,,
C1,3810,1,35.0 ,,
C1,3785,2,6.0 ,,
C1,3790,2,,,
C1,3795,1,5.0 ,,
C1,3795,2,25.0 ,,
C1,3798,2,,,
C1,3810,2,2.0 ,,
C1,3810,3,,,
C1,3810,4,,,
C1,2959,1,5.0 ,25.0 ,
C1,2959,5,4.0 ,, 
C1,3784,1,2.0 ,,
C1,3785,1,13.0 ,,
C2,788,2,3.0 ,,
C2,1644,4,1.0 ,,
C2,2261,6,2.0 ,,
C2,2808,1,3.0 ,,
C2,2808,4,1.5 ,,
C2,2808,2,9.5 ,,
C2,2808,3,12.0 ,,
C2,2808,1,4.0 ,,
C2,3018,6,10.0 ,,
C2,3039,4,2.0 ,,
C2,3039,5,3.0 ,,
C2,3039,6,4.0 ,,
C2,3044,1,7.0 ,,
C2,3044,2,6.0 ,,
C2,3086,1,6.0 ,,
C2,3103,1,2.0 ,,
C2,3149,3,,,
C2,3153,1,,,
C2,3153,2,1.8 ,1.5 ,
C2,3153,3, ,,
C2,3162,1,3.0 ,,
C2,3162,2,,,
C2,3162,3,1.5 ,,
C2,3178,2,,,
C2,3178,3,,,
C2,3187,3,1.0 ,,
C2,3191,1,6.0 ,,
C2,3191,4,,,
C2,3195,1,,,
C2,3234,1,,,
C2,3234,2,,,
C2,3238,1,2.0 ,,
C2,3238,2,2.5 ,,
C2,3238,3,,,
C2,3238,4,,,
C2,3238,5,3.5 ,,
C2,3238,6,,,
C2,3238,7,,,
C2,3238,11,,,
C2,3238,12,5.0 ,,
C2,3238,13,,,
C2,3238,14,,,
C2,3242,7,,,
C2,3257,1,,,
C2,3257,2,,,
C2,3260,2,,,
C2,3262,1,3.0 ,,
C2,3262,4,,,
C2,3262,5,,,
C2,3287,1,,,
C2,3287,3,,,
C2,3287,7,5.5 ,,
C2,3287,9,,,
C2,3287,10,,,
C2,3288,1,,,
C2,3290,1,,,
C2,3290,2,,,
C2,3292,1,1.0 ,,
C2,3292,2,,,
C2,3374,1,8.0 ,,
C2,3374,2,6.5 ,,
C2,3374,3,10.0 ,9.5 ,
C2,3374,4,2.0 ,,
C2,3374,5,8.0 ,,
C2,3374,6,1.5 ,,
C2,3374,7,16.0 ,,
C2,3374,8,2.0 ,,
C2,3420,3,3.0 ,,
C2,3426,1,5.0 ,,
C2,3426,3,2.0 ,,
C2,3429,1,,,
C2,3431,2,3.0 ,,
C2,3433,14,3.0 ,,
C2,3438,5,3.0 ,,
C2,3450,2,1.0 ,,
C2,3450,4,2.0 ,,
C2,3450,6,2.0 ,,
C2,3450,9,2.0 ,,
C2,3450,11,4.0 ,,
C2,3472,1,9.0 ,,
C2,3473,1,1.0 ,,
C2,3473,2,5.0 ,,
C2,3473,3,4.0 ,,
C2,3473,4,2.0 ,,
C2,3473,6,2.0 ,,
C2,3480,2,1.0 ,,
C2,3487,1,1.0 ,,
C2,3497,2,,,
C2,3500,5,,,
C2,3534,3,,,
C2,3541,1,,,
C2,3553,2,,,
C2,3553,3,7.0 ,,
C2,3553,4,,,
C2,3564,1,2.0 ,,
C2,3567,1,2.0 ,,
C2,3644,1,3.0 ,,
C2,3644,3,,,
C2,3644,5,7.5 ,,
C2,3644,6,2.0 ,5.0 ,
C2,3644,1,42.5 ,,
C2,3661,1,2.0 ,,
C2,3692,1,2.0 ,,
C2,3692,2,7.0 ,,
C3,505,1,,,
C3,1188,4,,,
C3,1194,1,,,
C3,1194,2,,,
C3,2234,5,9.5 ,,
C3,2234,11,,,
C3,2234,12,,,
C3,2234,19,,,
C3,3000,1,5.0 ,,
C3,3000,2,7.0 ,,
C3,3000,3,6.0 ,,
C3,3003,1,,,
C3,3007,1,,,
C3,3007,2,,,
C3,3007,3,,,
C3,3008,1,,,
C3,3008,2,,,
C3,3022,2,4.0 ,,
C3,3022,3,,,
C3,3022,4,,,
C3,3027,1,15.0 ,,
C3,3029,15,,,
C3,3034,1,,,
C3,3034,3,,,
C3,3036,2,,,
C3,3036,3,,,
C3,3036,5,,,
C3,3036,6,,,
C3,3036,7,,,
C3,3036,8,,,
C3,3036,9,,,
C3,3036,10,,,
C3,3036,11,,,
C3,3036,12,,,
C3,3056,1,,,
C3,3057,3,,,
C3,3057,5,,,
C3,3057,6,,,
C3,3057,7,,,
C3,3057,8,,,
C3,3057,9,,,
C3,3057,10,20.0 ,,
C3,3059,2,,,
C3,3077,3,,,
C3,3098,7,3.0 ,,
C3,3119,2,,,
C3,3119,3,,,
C3,3127,11,,,
C3,3145,1,,,
C3,3250,1,4.5 ,,
C3,3250,2,2.5 ,,
C3,3250,3,2.0 ,,
C3,3279,1,,,
C3,3351,1,,,
C3,3402,1,,,
C3,3409,1,,,
C3,3413,5,9.0 ,,
C3,3462,5,,,
C3,3479,1,2.5 ,5.0 ,
C3,3479,2,5.0 ,,
C3,3479,3,6.5 ,,
C3,3479,4,,,
C3,3483,1,1.0 ,,
C3,3489,1,,,
C3,3492,1,,,
C3,3492,2,,,
C3,3503,2,,,
C3,3539,3,2.5 ,,
C3,3566,1,,,
C3,3566,4,,,
C3,3578,1,,,
C3,3595,7,,,
C3,3595,8,1.0 ,,
C3,3666,1,,,
C3,3676,2,,,
C3,3686,1,,,
C3,3686,2,5.0 ,,
C3,3686,3,,,
C3,3686,4,2.0 ,,
C4,356,1,5.5 ,,
C4,2006,4,4.0 ,,
C4,2196,4,,,
C4,2565,1,5.0 ,,
C4,2572,4,,,
C4,2639,1,,,
C4,2666,1,,,
C4,2666,2,,,
C4,2677,1,,,
C4,2815,1,,,
C4,2889,1,3.0 ,,
C4,2986,1,4.0 ,,
C4,2996,5,21.0 ,,
C4,2996,6,2.0 ,3.0 ,6
C4,2998,1,,,
C4,3105,2,1.5 ,,
C4,3105,3,2.0 ,,
C4,3105,4,2.0 ,,
C4,3376,2,12.0 ,,
C4,3448,5,,,
C4,3448,3,,,
C4,3448,4,,,
C4,3530,1,3.0 ,11.0 ,
C4,3542,1,16.0 ,,
C4,3573,1,,,
C4,3573,4,,,
C4,3573,17,,,
C4,3573,31,3.0 ,,
C4,3581,2,5.5 ,,
C4,3581,7,,,
C4,3581,1,,,
C4,3581,4,,,
C4,3581,9,,,
C4,3581,10,,,
C4,3581,11,4.5 ,,
C4,3599,3,,,
C4,3599,5,,,
C4,3599,6,,,
C4,3608,1,,,
C4,3610,1,,,
C4,3612,1,,,
C4,3618,2,,,
C4,3618,3,,,
C4,3626,1,6.0 ,,
C4,3629,1,,,
C4,3631,1,,,
C4,3631,6,,,
C4,3631,7,,,
C4,3633,1,,,
C4,3652,1,,,
C4,3652,2,,,
C4,3660,1,,,
C4,3668,7,,,
C4,3670,1,,,
C4,3670,2,,,
C4,3699,2,2.0 ,,
C4,3699,3,1.0 ,,
C4,3701,1,4.5 ,,
C4,3701,3,3.5 ,,
C4,3701,4,5.0 ,,
C4,3711,3,,,
C4,3711,4,,,
C4,3711,5,,,
C4,3711,6,,,
C4,3711,9,,,
C4,3842,1,5.0 ,,
C4,3849,1,2.5 ,,
C4,3849,2,2.0 ,,
C4,3863,3,2.0 ,,
C4,3867,1,5.0 ,,
C4,3877,1,2.0 ,,
C4,3877,3,2.0 ,,
C4,3879,4,3.5 ,,
C4,3879,5,3.0 ,,
C4,3879,6,4.0 ,,
C4,3881,1,11.0 ,,
C4,3701,2,2.0 ,,
C4,5601,,3.0 ,,
C4,5602,,2.0 ,,
C5,1615,2,1.0 ,,
C5,1452,1,1.0 ,,
C5,2362,1,1.0 ,,
C5,2990,2,2.0 ,,
C5,3365,3,2.0 ,2.0 ,
C5,3560,1,2.5 ,,
C5,3639,1,9.0 ,,
C5,3639,2,3.0 ,7.0 ,
C5,3780,1,3.0 ,6.0 ,
C5,3780,2,4.5 ,,
C5,3860,1,3.0 ,,
C5,3886,4,2.5 ,,
C5,3886,1,4.5 ,,
C5,3904,1,4.0 ,,
C5,3904,2,7.0 ,,
C5,3933,1,4.0 ,,
C5,3933,8,6.5 ,,
C5,3933,7,9.0 ,,
C5,3933,12,11.0 ,,
C5,3935,3,6.5 ,,
C5,3935,4,7.0 ,,
C5,3940,1,2.0 ,,
C5,3943,1,3.5 ,,
C5,3949,3,3.5 ,,
C5,3949,2,5.0 ,,
C5,3951,2,2.0 ,,
C5,3951,3,2.0 ,,
C5,3954,1,5.5 ,,
C5,3955,1,2.5 ,, 
C5,3969,1,2.0 ,,
C5,3973,1,1.5 ,,
C5,3973,3,2.0 ,,
C5,3973,2,2.5 ,,
C5,3984,1,2.0 ,,
C5,3992,2,10.0 ,,
C5,3992,1,12.0 ,,
C5,4004,1,3.0 ,,
C5,4012,6,2.0 ,,
C5,4021,3,2.0 ,,
C5,4022,1,2.0 ,,
C5,4032,2,1.8 ,,
C5,4032,1,2.0 ,,
C5,4032,3,2.0 ,,
C5,4037,3,10.5 ,,
C5,4041,2,2.0 ,,
C5,4041,1,7.0 ,,
C5,4042,1,2.0 ,,
C5,4048,1,1.8 ,2.0 ,
C5,4048,2,3.0 ,,
C5,4055,3,3.0 ,,
C5,4061,2,2.0 ,,
C5,4061,6,2.0 ,, 
C5,4062,2,3.5 ,,
C5,4066,9,1.5 ,,
C5,4076,1,9.5 ,,
C5,4087,2,3.0 ,,
C5,4089,2,2.0 ,,
C5,4089,3,2.0 ,,
C5,4092,2,5.0 ,,
C5,4092,1,5.0 ,,
C5,3656,1,1.0 ,,
C5,3656,6,1.0 ,,
C5,3656,2,2.0 ,,
C5,4189,3,1.0 ,,
C5,4189,2,9.0 ,,
C5,4201,3,2.0 ,,
C5,4201,4,3.0 ,,
C6,3543,2,4.0 ,,
C6,3567,12,5.0 ,,
C6,3853,23,5.0 ,,
C6,3853,6,2.0 ,,
C6,3990,1,7.0 ,,
C6,3990,2,3.0 ,,
C6,4088,1,3.0 ,,
C6,4088,4,1.0 ,,
C6,4116,3,2.0 ,,
C6,4125,1,5.0 ,,
C6,4125,2,5.0 ,,
C6,4125,3,6.5 ,,
C6,4129,1,3.0 ,12.0 ,
C6,4141,6,4.0 ,,
C6,4141,3,1.0 ,,
C6,4142,5,3.0 ,,
C6,4142,1,6.0 ,,
C6,4146,1,2.0 ,,
C6,4146,5,3.0 ,,
C6,4146,4,1.0 ,,
C6,4158,1,7.0 ,,
C6,4160,2,3.0 ,,
C6,4172,6,1.0 ,6.5 ,
C6,4196,3,1.0 ,,
C6,4204,1,7.0 ,,
C6,4204,4,2.0 ,,
C6,4205,1,2.0 ,,
C6,4205,3,18.0 ,,
C6,4228,1,4.0 ,,
C6,4232,1,7.0 ,,
C6,4235,1,1.0 ,,
C6,4252,1,8.0 ,,
C6,4260,1,3.0 ,9.5 ,
C6,4260,3,3.0 ,3.5 ,
C6,4260,4,3.5 ,,
C6,4260,6,2.0 ,,
C6,1571,5,1.0 ,,
C6,4217,1,1.0 ,,
C6,4225,15,18.0 ,,
C6,4216,4,6.0 ,,
C6,3926,1,2.0 ,,
C6,3926,7,1.0 ,,
C6,3926,5,2.5 ,,
C6,4181,16,3.0 ,,
C6,4294,1,3.0 ,,
C6,4294,2,3.5 ,,
C6,4290,4,3.5 ,32.0 ,
C6,4172,3,7.0 ,,
C6,4225,9,8.0 ,,
C6,4172,13,17.0 ,,
C6,4172,4,6.0 ,,
C7,1181,1,6.0 ,,
C7,3040,1,6.5 ,,
C7,3040,2,7.0 ,,
C7,3159,1,1.8 ,,
C7,3241,5,7.5 ,,
C7,3241,10,11.0 ,,
C7,3460,1,2.0 ,,
C7,3623,1,1.0 ,,
C7,3683,3,8.5 ,,
C7,3742,1,4.5 ,,
C7,3742,2,3.0 ,,
C7,3742,3,2.5 ,6.5 ,
C7,3742,4,3.0 ,6.0 ,
C7,3975,1,4.0 ,,
C7,4222,1,4.0 ,,
C7,4222,2,6.0 ,,
C7,4319,1,2.0 ,,
C7,4319,2,2.0 ,,
C7,4326,1,1.5 ,,
C7,4326,3,2.5 ,,
C7,4326,4,1.0 ,,
C7,4326,2,10.0 ,,
C7,4334,2,15.0 ,,
C7,4342,1,10.0 ,,
C7,4343,2,5.5 ,,
C7,4344,2,10.5 ,,
C7,4344,3,10.5 ,,
C7,4344,4,11.0 ,,
C7,4344,6,3.0 ,,
C7,4344,1,11.0 ,,
C7,4351,2,10.0 ,,
C7,4351,1,5.5 ,,
C7,4351,3,4.5 ,,
C7,4362,1,2.5 ,"9.0, 4.0,8.0",
C7,4362,2, , ,
C7,4365,1, B,,
C7,4365,2,9.0 ,,
C7,4369,1,10.0 ,,
C7,4369,3,3.5 ,,
C7,4369,4,2.0 ,,
C7,4377,1,6.0 ,,
C7,4377,2,9.0 ,11.0 ,
C7,4391,1,17.0 ,,
C7,4391,2,22.0 ,,
C7,4402,1,13.0 ,,
C8,4358,1,3.0 ,,
C8,4394,1,5.5 ,,
C8,4396,1,8.0 ,,
C8,4396,2,7.0 ,,
C8,4404,1,2.0 ,,
C8,4263,3,15.0 ,,
C8,4410,1,15.0 ,,
C8,2525,2,2.5 ,,
C8,4357,1,12.5 ,,
C8,4357,2,8.5 ,,
C8,4425,1,4.0 ,,
C8,4431,1,4.5 ,,
C8,4431,2,9.5 ,,
C8,4273,8,5.5 ,,
C8,4273,9,3.0 ,,
C8,4456,1,2.5 ,,
C8,4487,1,11.0 ,,
C8,4487,2,4.0 ,,
C8,4487,3,12.0 ,,
C8,4487,4,3.0 ,,
C8,4487,5,6.0 ,,
C8,4487,6, ,,
C8,4412,1,8.5 ,,
C8,4456,3,1.5 ,,
C8,4489,1,2.0 ,,
C8,4489,2,3.5 ,,
C8,4456,2,4.5 ,,
C8,4499,1,25.0 ,,
C8,4459,1,7.5 ,,
C8,4496,1,27.0 ,,
C8,4496,3,17.0 ,,
C8,1477,1,7.0 ,,
C8,4529,4,6.0 ,,
C8,4529,7,12.0 ,,
C8,4472,1,12.0 ,,
C8,4338,4,7.0 ,,
C8,4338,7,6.5 ,,
C8,4177,7,2.5 ,2.0 ,
C8,4177,8,2.5 ,5.0 ,
C8,4177,12,4.0 ,,
C8,3622,82,9.0 ,,
C8,3622,105,5.5 ,,
C8,3622,112,2.0 ,,
C8,3622,117,12.0 ,,
C8,3622,131,5.0 ,,
C8,3622,149,7.0 ,,
C8,3622,156,13.0 ,,
C8,3622,185,10.0 ,,
C8,3496,1,10.0 ,,
C8,3496,2,10.5 ,,
C8,829,3,4.0 ,,
C8,829,7,4.5 ,,
C8,3622,152,2.0 ,,
C8,3622,196,9.0 ,,
C9,1445,1,8.0 ,,
C9,1445,2,3.5 ,,
C9,1586,1,8.0 ,,
C9,1586,2,4.0 ,,
C9,1606,23,10.0 ,,
C9,1637,1,5.0 ,,
C9,1963,1,3.5 ,,
C9,3380,360,5.5 ,,
C9,3380,361,5.0 ,,
C9,3380,383,5.5 ,,
C9,3380,384,7.0 ,,
C9,3380,385,7.0 ,,
C9,3380,386,3.5 ,,
C9,3380,374,2.0 ,,
C9,4448,4,3.0 ,,
C9,4448,5,3.5 ,,
C9,4448,7,2.0 ,,
C9,4497,1,4.5 ,,
C9,3689,2,8.5 ,,
C9,4340,3,4.5 ,,
C9,4522,2,11.0 ,,
C9,4522,4,4.0 ,,
C9,4534,1,14.0 ,,
C9,4535,2,7.0 ,,
C9,4579,1,4.0 ,,
C9,4608,8,6.0 ,,
C9,4608,9,9.0 ,,
C9,4608,10,11.0 ,,
C9,4608,11,10.5 ,,
C9,4608,12,4.5 ,,
C9,4608,13,7.0 ,,
C9,4413,2,10.0 ,,
C9,4413,3,11.5 ,,
C9,4632,1,5.0 ,,
C9,4640,2,14.5 ,,
C9,4595,2,10.5 ,,
C9,4647,1,4.0 ,,
C9,4647,2,9.0 ,,
C9,4647,3,7.5 ,,
C9,4647,4,15.0 ,,
C9,4662,1,2.0 ,,
C9,3900,2,11.5 ,,
C9,4513,1,7.0 ,,
C9,4622,1,13.0 ,,
C9,4622,2,2.5 ,,
C9,4622,3,13.0 ,,
C9,4513,2,6.0 ,,
C9,4589,1,1.5 ,,
C9,4512,2,8.0 ,,
C9,4647,7,12.5 ,,
C9,4585,1,2.0 ,,
C9,4647,5,2.0 ,,
C9,4662,2,13.5 ,,
C9,4647,6,11.0 ,,
C10,4594,1,7.0 ,,
C10,4644,2,3.0 ,,
C10,4594,2,3.0 ,,
C10,4583,1,4.5 ,,
C10,4614,2,5.5 ,11.0 ,
C10,4657,1,11.5 ,,
C10,4663,1,2.0 ,2.0 ,
C10,3010,6,11.5 ,,
C10,3449,1,3.0 ,,
C10,4525,9,6.0 ,,
C10,4525,10,6.5 ,,
C10,4653,1,6.0 ,,
C10,4656,4,8.0 ,6.0 ,(6mg is filtered)
C10,4656,5,3.0 ,,
C10,4656,6,13.5 ,,
C10,4656,7,15.0 ,,
C10,4678,5,12.5 ,,
C10,4678,4,3.0 ,,
C10,4678,3,2.0 ,,
C10,4682,1,7.0 ,9.0 ,
C10,4682,2,2.5 ,5.0 ,35.0 
C10,4682,36,4.0 ,,
C10,4698,1,9.0 ,,
C10,4698,2,15.0 ,,
C10,4711,1,11.0 ,,
C10,4711,2,6.0 ,,
C10,4714,1, ,,endo free
C10,4714,2,5.5 ,,endo free
C10,4714,3,5.5 ,,endo free
C10,4714,4,11.5 ,,endo free
C10,4715,1,12.5 ,,
C10,4715,2,11.0 ,,
C10,4715,3,10.5 ,,
C10,4720,11,7.5 ,,
C10,4678,2,11.0 ,,
C11,3884,1,3,,
C11,4025,13,5.0 ,,
C11,4025,14,4.5 ,,
C11,4025,17,10.0 ,,
C11,4025,18,7.0 ,,
C11,4363,1,7.0 ,,
C11,4363,2,3.0 ,,
C11,4367,13,2.0 ,8.0 ,
C11,4635,1,5.0 ,,
C11,4734,1,5.5 ,,ENDO FREE
C11,4734,2,4.5 ,,ENDO FREE
C11,4734,2,2.0 ,,reg
C11,4743,7,10.5 ,,
C11,4745,4,4.5 ,,
C11,4765,1,2.5 ,6.0 ,
C11,4766,1,7.0 ,,
C11,4766,2,10.5 ,,
C11,1533,5,7.0 ,,
C11,1533,6,2.5 ,,
C11,4367,6,8.0 ,,
C11,4367,4,7.0 ,,
C11,4380,1,2.5 ,,
C11,4380,5,8.5 ,,
C11,3024,1,2.0 ,9.0 ,
C11,4699,11,4.0 ,,
C11,4743,13,11.0 ,,
C11,4743,1,8.0 ,,
C11,4776,2,6.0 ,,
C11,4743,4,9.0 ,,
C11,4743,10,11.0 ,,
C12,4760,3,15.0 ,,
C12,4624,4,15.0 ,,
C12,4624,5,14.0 ,,
C12,4626,4,15.0 ,,
C12,4807,2,15.0 ,,
C12,4807,1,14.0 ,,
C12,4807,3,9.5 ,,
C12,4807,4,11.0 ,,
C12,4807,5,9.0 ,,
C12,4807,6,8.5 ,,
C12,4814,3,2.5 ,,
C12,4814,4,3.0 ,,
C12,4793,5,6.5 ,,
C12,4793,6,9.5 ,,
C12,4627,1,8.5 ,,
C12,4627,2,8.0 ,,
C12,4787,1,3.5 ,,
C12,4787,4,4.0 ,,
C12,4787,5,6.0 ,,
C12,4626,5,10.0 ,,
C12,4793,3,4.0 ,,
C12,4793,4,10.5 ,,
C12,4793,2,12.0 ,,
C13,1936,1,2.0 ,,
C13,2938,3,8.5 ,,
C13,4833,2,4.0 ,,
C13,4836,1,4.5 ,,
C13,4836,2,2.5 ,,
C13,875,2,6.0 ,,
C13,875,3,5.0 ,,
C13,4840,1,6.0 ,,
C13,4840,2,6.0 ,,
C13,4747,6,5.0 ,30.0 ,
C13,4853,2,3.0 ,,
C13,4850,1,6.5 ,,
C13,4850,2,7.0 ,,
C13,4850,4,7.5 ,,
C13,4850,5,8.0 ,,
C13,4850,6,2.0 ,,
C13,4850,7,6.0 ,,
C13,4850,8,6.0 ,,
C13,4853,1,10.0 ,,
C13,4853,3,11.0 ,,
C13,4842,1,12.0 ,,
C13,4837,1,3.0 ,,
C13,4837,4,7.0 ,,
C13,4837,6,3.5 ,,
C14,4867,6,3.5 ,,
C14,4870,1,7.5 ,,
C14,4855,1,3.0 ,,
C14,4855,2,4.5 ,,
C14,4855,3,3.0 ,,
C14,3774,3,7.0 ,,
C14,3774,10,3.0 ,,
C14,4426,3,4.0 ,,
C14,4426,10,4.0 ,,
C14,4866,1,5.5 ,,
C14,4880,1,12.5 ,,
C14,4723,12,3.5 ,,
C14,4903,1,4.5 ,,
C14,4903,3,5.0 ,,
C14,4903,4,6.0 ,,
C14,4903,5,7.5 ,,
C14,4903,7,6.0 ,,
C14,4903,9,2.5 ,,
C14,4147,2,6.5 ,,
C14,4147,4,6.5 ,,
C14,4180,7,4.0 ,,
C14,4457,2,10.0 ,,
C14,4457,3,10.0 ,,
C14,4457,4,10.0 ,8.0 ,
C14,4697,1,3.0 ,,
C14,4730,1,5.5 ,,
C14,4738,25,5.0 ,,
C14,4782,1,2.0 ,,
C14,4782,2,2.0 ,,
C14,4797,1,5.0 ,,
C14,2347,1,1.5 ,,
C14,2379,1,1.5 ,,
C14,4723,3,10.0 ,,
C14,4903,10,7.0 ,,
C14,4903,8,2.5 ,,
C15,4921,1,6.5 ,,
C15,4921,2,8.0 ,,
C15,4921,3,5.0 ,,
C15,4921,4,6.5 ,,
C15,4921,5,5.0 ,,
C15,4921,6,6.5 ,,
C15,4000,4,2.0 ,,
C15,4090,1,8.0 ,,
C15,4090,15,2.5 ,,
C15,4732,3,4.5 ,,
C15,4816,1,8.5 ,,
C15,4928,1,2.0 ,,
C15,4920,2,6.0 ,,
C15,4581,3,3.0 ,,
C15,4930,1,2.0 ,,
C15,4906,1,11.0 ,,
C15,4691,3,2.0 ,,
C15,4948,1,2.5 ,,
C15,4863,4,5.5 ,6.0 ,
C15,4865,1,9.5 , ,
C15,4719,5,7.5 ,3.0 ,
C15,4719,7,3.0 ,,
C15,4956,1,5.0 ,,
C15,4961,1,5.0 ,,
C15,4930,3,3.0 ,,
C15,4967,1,8.0 ,,
C15,4892,2,7.0 ,6.0 ,
C15,4989,1,3.0 ,,
C15,4950,1,3.5 ,,
C15,4978,2,3.0 ,,
C15,4430,6,2.0 ,12.0 ,
C16,5010,1,17.5 ,,
C16,4971,2,2.0 ,6.0 ,
C16,4971,3,4.5 ,,
C16,4971,4,2.0 ,,
C16,4971,5,4.0 ,,
C16,4980,1,7.0 ,,
C16,4964,1,8.0 ,,
C16,5030,1,7.0 ,,
C16,5037,1,6.0 ,,
C16,3714,26,1.5 ,,
C16,3714,27,7.0 ,,
C16,3714,28,8.5 ,,
C16,3714,29,6.0 ,,
C16,1456,7,6.0 ,,
C16,1456,8,4.5 ,,
C16,3744,3,4.5 ,,
C16,4813,17,3.5 ,,
C16,4813,31,15.0 ,,
C16,4860,1,4.5 ,,
C16,5078,1,8.5 ,,
C16,4526,1,4.0 ,,
C16,4526,2,11.0 ,,
C16,4526,3,9.0 ,,
C16,4544,5,3.5 ,,
C16,4544,6,6.0 ,,
C16,4912,2,3.0 ,,
C16,4914,1,10.5 ,,
C16,4932,1,7.0 ,,
C16,4966,1,8.0 ,,
C16,5062,3,7.0 ,7.0 ,(might be 1)
C16,5062,6,7.5 ,,
C16,5068,1,4.0 ,,
C17,5103,2,8.0 ,,
C17,5103,4,6.0 ,,
C17,5130,1,5.0 ,,
C17,5130,2,7.0 ,,
C17,5139,1,6.0 ,,
C17,5139,2,2.5 ,,
C17,5142,1,5.0 ,,
C17,5142,2,9.5 ,,
C17,5142,3,15.0 ,,
C17,5145,1,8.0 ,,
C17,5145,2,11.5 ,,
C17,5145,7,5.0 ,,
C17,5145,8,2.0 ,,
C17,5159,1,5.5 ,,
C17,5159,2,8.5 ,,
C17,5160,1,8.0 ,,
C17,5160,2,8.0 ,,
C17,5172,1,3.5 ,,
C17,0,furin,5.0 ,40.0 ,22.5 
C17,5172,13,9.0 ,,
C17,5175,1,9.0 ,,
C17,5205,1,8.0 ,12.0 ,
C17,5205,2,3.0 ,10.0 ,
C17,5206,1,12.0 ,,
C17,5206,2,8.0 ,,
C17,2498,3,3.0 ,,
C18,5182,1,27.0 ,,
C18,5182,4,1.5 ,,
C18,5182,6,13.0 ,,
C18,5182,7,22.0 ,,
C18,5207,3,16.0 ,,
C18,5207,4,12.0 ,,
C18,5207,5,12.5 ,,
C18,2064,1,8.0 ,,
C18,2689,1,9.0 ,,
C18,4598,3,11.0 ,,
C18,4784,1,16.0 ,,
C18,4784,7,17.0 ,,
C18,5231,1,18.0 ,,
C18,5231,2,20.0 ,,
C18,4668,1,10.0 ,,
C18,4668,3,6.0 ,,
C18,4668,4,7.0 ,,
C18,4668,13,8.0 ,,
C18,4668,24,8.0 ,,
C18,4668,26,6.0 ,,
C18,4668,27,5.5 ,,
C19,4164,1,4.0 ,,
C19,4790,8,6.5 ,,
C19,4919,4,7.0 ,,
C19,5036,33,15.0 ,,
C19,5036,38,3.0 ,,
C19,5036,52,6.0 ,,
C19,5065,15,13.0 ,,
C19,4774,1,3.5 ,,
C19,4774,2,5.5 ,,
C19,5121,6,2.5 ,,
C19,5121,16,8.0 ,,
C19,5166,4,6.0 ,,
C19,5193,1,4.0 ,,
C19,5224,2,2.0 ,,
C19,5230,1,10.0 ,,
C19,5230,2,11.0 ,,
C19,5230,3,6.0 ,,
C19,5257,8,3.0 ,,
C19,5282,1,9.0 ,,
C19,5282,2,2.0 ,,
C19,5210,3,13.0 ,,
C19,5282,3,4.0 ,,
C19,5317,1,6.0 ,,
C19,5317,2,13.0 ,,
C19,5319,1,4.5 ,,
C19,5319,2,2.5 ,,
C19,5319,3,4.0 ,,
C19,5319,4,8.5 ,,
C19,5319,6,2.0 ,,
C19,5319,8,6.5 ,,
C19,5319,9,1.5 ,,
C19,5324,1,12.5 ,,
C19,5324,2,8.5 ,,
C19,5332,2,8.0 ,,
C19,5332,3,5.0 ,,
C19,5332,4,12.0 ,,
C19,5332,5,8.0 ,,
C19,5332,6,7.5 ,,
C19,5332,7,2.5 ,,
C20,5346,2,7.5 ,,
C20,5368,9,15.0 ,,
C20,5368,11,8.0 ,,
C20,5368,12,6.0 ,,
C20,5368,16,10.0 ,,
C20,5368,17,9.0 ,,
C20,5368,18,11.0 ,,
C20,5378,1,7.0 ,,
C20,5381,1,10.0 ,,
C20,4773,1,6.0 ,,
C20,4988,1,2.0 ,,
C20,221,4,4.0 ,,
C20,0,furin,12.0 ,,
C20,3156,1,17.0 ,,
C20,5004,1,17.0 ,,
C20,5314,1,20.0 ,,
C20,5314,2,18.0 ,,
